<?xml version="1.0" encoding="UTF-8"?>

<!DOCTYPE hibernate-mapping PUBLIC

  "-//Hibernate/Hibernate Mapping DTD 3.0//EN"

  "http://hibernate.sourceforge.net/hibernate-mapping-3.0.dtd">

<hibernate-mapping>
<class name="com.metasocio.model.commentmanagement.Comment" table="comment">

  <id column="comment_id" name="commentId" type="int" >
		<generator class="native"/>
		</id>
		

		
		<property column="comments" name="comments" type="string" />
		<property column="date_commented" name="dateCommented" type="timestamp" />
		
		
		<property column="updated_at" name="updatedAt" type="timestamp" />
		<property column="created_by" name="createdBy" type="string" />
		<property column="updated_by" name="updatedBy" type="string" />
		<property column="isdelete" name="isDelete" type="int" />
		
		<many-to-one name="user" column="user_id_who_commented" unique="false" fetch="join"
       class="com.metasocio.model.usermanagement.User"/> 
       
       <many-to-one name="post" column="post_id"  unique="false" fetch="join"
       class="com.metasocio.model.postmanagement.Post"/> 
	</class>
	</hibernate-mapping>
