<?xml version="1.0" encoding="UTF-8"?>

<!DOCTYPE hibernate-mapping PUBLIC

  "-//Hibernate/Hibernate Mapping DTD 3.0//EN"

  "http://hibernate.sourceforge.net/hibernate-mapping-3.0.dtd">

<hibernate-mapping>
<class name="com.metasocio.model.followermanagement.FollowersAndFollowings" table="followers_followings">

  <id column="Id" name="id" type="int" >
		<generator class="native"/>
		</id>
		
		<property column="follower_id" name="followerId" type="int" />
		<property column="following_id" name="followingId" type="int" />
		
		<property column="created_at" name="createdAt" type="timestamp" />
		<property column="updated_at" name="updatedAt" type="timestamp" />
		<property column="created_by" name="createdBy" type="string" />
		<property column="updated_by" name="updatedBy" type="string" />
		<property column="isdelete" name="isDelete" type="int" />
		

	</class>
	</hibernate-mapping>