<?xml version="1.0" encoding="utf-8"?>
<!DOCTYPE hibernate-configuration PUBLIC
"-//Hibernate/Hibernate Configuration DTD 3.0//EN"
"http://www.hibernate.org/dtd/hibernate-configuration-3.0.dtd">

<hibernate-configuration>
	<session-factory>
	 	<property name="hibernate.connection.driver_class">com.mysql.jdbc.Driver</property>
		<property name="hibernate.connection.url">jdbc:mysql://localhost:3306/meta_socio</property>
		<property name="hibernate.connection.username">root</property>
		<property name="hibernate.connection.password">mysql</property>
		
		<!-- <property name="connection.pool_size">1</property>   -->
		
		
		<property name="hibernate.dialect">org.hibernate.dialect.MySQLDialect</property>
	
		 
		 
		 
		<property name="show_sql">false</property>
		<property name="format_sql">true</property>
		<property name="hbm2ddl.auto">update </property>
		
	<!-- <property name="hibernate.dbcp.initialSize">8</property>
  <property name="hibernate.dbcp.maxActive">5</property>
  <property name="hibernate.dbcp.maxIdle">5</property>
  <property name="hibernate.dbcp.minIdle">0</property> 
   -->
  
		<mapping resource="com/metasocio/hibernate/usermanagement/UserDatabaseMapping.xml" />
		<mapping resource="com/metasocio/hibernate/postmanagement/PostDatabaseMapping.xml"/>
		<!-- <mapping resource="com/metasocio/hibernate/followermanagement/FollowerDatabaseMapping.xml" /> -->
		<mapping resource="com/metasocio/hibernate/commentsmanagement/CommentDatabaseMapping.xml" />
		<mapping resource="com/metasocio/hibernate/likesmanagement/LikeDatabaseMapping.xml"/>
		<mapping resource="com/metasocio/hibernate/groupmanagement/GroupDatabaseMapping.xml"/>

	</session-factory>
</hibernate-configuration>